{
  "model": "YOLO",
  "weights": "/home/philipp/software/python/Vision/chess-vision/data/checkpoints/best/best_20260110_122310.pt",
  "split": "val",
  "mAP50": 0.015451927013089416,
  "mAP50_95": 0.008039775071809623,
  "precision": 0.022193843438156776,
  "recall": 0.4046799135950055,
  "eval_seconds": 5.6,
  "status": "ok",
  "per_class": {
    "black-camel": {
      "mAP50": 0.004903464267118226,
      "precision": 0.02044760301726825,
      "recall": 0.13880660177740162
    },
    "black-elephant": {
      "mAP50": 0.026075994771166414,
      "precision": 0.013607676606526993,
      "recall": 0.7651715039577837
    },
    "black-horse": {
      "mAP50": 0.03327286185494675,
      "precision": 0.033921191538115306,
      "recall": 0.7368888888888889
    },
    "black-king": {
      "mAP50": 0.0071246581501755975,
      "precision": 0.014711955399545736,
      "recall": 0.2367109634551495
    },
    "black-pawn": {
      "mAP50": 0.0009463408155133484,
      "precision": 0.0071875,
      "recall": 0.12352309344790548
    },
    "black-queen": {
      "mAP50": 0.03202785478876579,
      "precision": 0.012358477697449188,
      "recall": 0.5107102593010147
    },
    "white-camel": {
      "mAP50": 0.011188543309557375,
      "precision": 0.048150579995622673,
      "recall": 0.17227877838684416
    },
    "white-elephant": {
      "mAP50": 0.004096023821373105,
      "precision": 0.015434606011372868,
      "recall": 0.24338172502134928
    },
    "white-horse": {
      "mAP50": 0.021565557392044833,
      "precision": 0.02326299854799345,
      "recall": 0.7629179331306991
    },
    "white-king": {
      "mAP50": 0.010416456900794516,
      "precision": 0.030002941464849494,
      "recall": 0.23684210526315788
    },
    "white-pawn": {
      "mAP50": 0.010686585607005139,
      "precision": 0.011418533157663592,
      "recall": 0.4631043256997455
    },
    "white-queen": {
      "mAP50": 0.023118782478611904,
      "precision": 0.03582205782147377,
      "recall": 0.46582278481012657
    }
  },
  "metrics_raw": {
    "metrics/precision(B)": 0.022193843438156776,
    "metrics/recall(B)": 0.4046799135950055,
    "metrics/mAP50(B)": 0.015451927013089416,
    "metrics/mAP50-95(B)": 0.008039775071809623,
    "fitness": 0.008039775071809623
  },
  "conf": null,
  "iou_nms": 0.7,
  "label": "best_20260110_122310 (OAK export, not 12-class)"
}